" Giordano, Jason "
" Guinn, Ryan "
" Wilson, Thomas "
"Abdi, Ezekiel"
"Adkins, Allen"
"Albino, Edward "
"Ali, Mohammed"
"Allers, Thomas"
"Ambrose, Wayne"
"Andersen, Theodore"
"Anderson, Clemmie"
"Anderson, Stephen "
"Anderson, Theodore"
"Antignano, Jacob"
"Arena, Roberto"
"Austin, David"
"Avitia, Jesus"
"Bagshaw,Steven"
"Balboni, Matthew"
"Barnes, Brandon"
"Barnes, Dominic"
"Battipaglia, Kevin "
"Baugher, Charles "
"Beardsley, Kevin"
"Beauregard, Jill "
"Becherer, Jeffrey "
"Beckett, Michael"
"Bell, Terry"
"Ben, Laurence "
"Bennett, Ray "
"Bernardez-Ruiz, Jorge "
"Biggers, Sherrod"
"Blasko, Timothy"
"Booth, Cedrick  "
"Bourn, Tiffani"
"Brandt, John"
"Brokus, James"
"Brooks, James"
"Brown, Curtis "
"Brown, Kevin"
"Brown, Tashania"
"Brunson, Jamaal"
"Brust, David"
"Bush, Anthony"
"Butler, Staccato"
"Cagle, Wesley"
"Carpenter, Patrick"
"Carrasquillo, Felipe"
"Carter, Thomas"
"Chambers, Brandon"
"Chan, Kevin"
"Chapman, Nicholas"
"Chenowith, Brad"
"Church, Nathan"
"Cicchetti,Carl"
"Ciotti, David"
"Clayton, Charles "
"Clewell, John"
"Coleman,Kyesha"
"Converse, Jeffrey "
"Cooper, Ronald"
"Craig, James"
"Creed, Edward"
"Critzer, Benjamin"
"Crown, Robert "
"Cruz, Aaron "
"Cruz, Elvin"
"Crystal, Joseph "
"Curtis, Dixon"
"Darden-Pierre, Kimberly"
"Davis, Prashnath"
"Dease, Jimmy"
"DeJesus, Nicholas"
"DeJesus-Roberts, Noraima "
"Diaz, Juan"
"Diener, Ryan"
"Dombrowski, Ian  "
"Donato, Joseph"
"Dorsey, Alan"
"Duck, Deontae"
"Dunlap, Christopher"
"Edwards, Tariq"
"Effland, Deanna"
"Etawaroo, Jai "
"Evans, Steven"
"Fallon, James"
"Fata, Anthony"
"Filippou, Catherine"
"Finein,William "
"Fisher, Gregory"
"Fleurimond, Richard"
"Forbes, Anthony"
"Foster, Steven"
"Fox, Vincent"
"Frauenhoffer, James"
"Frazier, Jerre "
"Fried, Jared"
"Frieman, Benjamin"
"Friend, Frank"
"Fries, Michael "
"Gaff, Donald"
"Geare, Paul"
"Gentil, Michael"
"George, Timothy "
"Gerber, Dominic"
"Giordano, Jason"
"Gladstone, Keith"
"Golimowski, Frank"
"Gondo, Momudub"
"Goodwin, Creighton"
"Grant, Welai"
"Gray, Johnta"
"Greer, Clarence"
"Guerrero, Jose"
"Guinn, Ryan"
"Gurbelski, Mark "
"Haefner, Timothy"
"Hagee, Charles"
"Hailey, John"
"Hairston, Marcus"
"Halstead, Stephen"
"Hankard, Robert "
"Hanyok, John "
"Harker, Scott "
"Harris, Demario"
"Harris, Jamal"
"Harris, William "
"Hastings-Hamilton, Kirstin "
"Haziminas, Alexandros"
"Heath, Christopher"
"Heilman,Aaron"
"Hendrix, Evodio"
"Hensley, Gerald"
"Henson, Steven  "
"Hersl, Daniel "
"Hill, Melvin"
"Hill, Ryan "
"Hobe, Allyson"
"Hohman, Steven "
"Ivery, Kenneth"
"Jeffers, Maurice"
"Jenkins, Frank"
"Jenkins, Wayne"
"Jester, Craig"
"Johns, Kelly"
"Johnson, Jamaal"
"Jones, David"
"Jones, Jonathan  "
"Jones, Kevin A. "
"Jones, Phillip"
"Jordan, Joshua"
"Jordan, Robert"
"Kirby, Thomas Joseph  "
"Klingenstein, Matthew"
"Kostopolis, Officer"
"Koushall, Marlon"
"Kraefle, Anthony"
"Laronde, Fabien"
"Lattanzi, Adam"
"Lawrence, Scott "
"Lehman, Chris "
"Lewis, Brian"
"Lewis, Danielle "
"Lewis-DeGraffinried, Lakishna"
"Lofton, Officer"
"Loiero, Brian"
"London, Darrell"
"Louvado, Ivo"
"Lugo, Ramon"
"Lybarger, Jeffrey"
"Lyles, Richard"
"MacNeill, David"
"Maggio, Anthony "
"Mahan, Steven "
"Makanjuola, Rafiu "
"Marsh, Sean "
"Martin, Daniel"
"Martin, Michael"
"Massey, Darryl"
"Masters, Erin"
"Matthew, Kenneth"
"McCoy,Tavon"
"McDermott, Leighton"
"McDonnell, Steven"
"McDuffie, Carnest"
"McGee, Keith"
"McGinnis, Adrian"
"McGrath, Michael"
"McLaughlin, James"
"McNeil, David"
"McShane, James"
"Meiler, Corey"
"Merino, Christopher"
"Messimer, Ryan"
"Messner, Robert"
"Miller, Sean"
"Min, Julian"
"Mistysin, Thomas"
"Mitchell, James"
"Mitter, Roderick"
"Moore, Jordan "
"Moore, Richard"
"Moran, Michael"
"Moro, Manuel "
"Moss, Calvin "
"Moss, Shakil"
"Muir, Donald"
"Mumey, Christopher"
"Murphy, Keenan"
"Nagovich, Valentine"
"Neisser, Emily"
"Nelson, Yolanda"
"Nero, Edward"
"Newburg, Ethan"
"Nicholson, Daniel"
"Nolet, Jean "
"Ohmstede, Erick  "
"Orice, Custis"
"O'Sullivan, Michael "
"Ottey, Stanley "
"Owen, Ray"
"Palmere, Dean "
"Parker, Darryl"
"Perry, Rico"
"Peters, Glenn "
"Phyall, Derrick"
"Pietryak, David"
"Pinhiero,Richard"
"Plater, Stacey"
"Popham, Alexandria"
"Popp, Daniel"
"Post, Christy"
"Pressberry, Berdell"
"Preston, Kiam"
"Pully, Lakisha"
"Pumphrey,Scott"
"Quigley, James"
"Ranabhat, Bijay"
"Rayam, Jemell"
"Reed, Steven"
"Righter, Brian"
"Riley, Leon"
"Rivera, Daymieon "
"Rivera, William"
"Rivera-Martinez, Carlos"
"Robinson, Andre"
"Rogers, Norman "
"Romeo, Timothy"
"Rosenblatt, Joshua"
"Rosier, Steven"
"Rutzen, Joshua"
"Ryckman, Matthew"
"Salmon, Brian"
"Sanders, Marcus"
"Santiago, Melvin"
"Saunders, Antonio"
"Schmitt, Jason"
"Scoglio, James "
"Scott, Kenneth"
"Sentz, Tyler"
"Shelley, Luke"
"Shuttleworth, Gregory"
"Sierra, Anthony"
"Sills, Charles"
"Simonyan, Hovhannes"
"Simpson, Welton"
"Smith, Charles"
"Smith-Gee, Quinton "
"Snead, Kerry "
"Spence, Anthony"
"Storie, Adam"
"Suiter,Shaun"
"Sylvester, Michael"
"Talley, Damon"
"Taurisano, Anthony"
"Taylor, Marcus"
"Toro-Munford, Tarik"
"Troy, Anthony"
"VanHelten, Jason"
"Veney, Mark "
"Vignolia, Carmen"
"Villodas, Israel"
"Ward, Maurice"
"Watson, Sherrod"
"Watts, Richard"
"White, Lonnie"
"White, Michael"
"White, Nina"
"Wiczulis, Joseph"
"Williams, Arthur"
"Williams, Donta"
"Williams, Duane "
"Williams, Dwayne "
"Williams, Mark"
"Wilson, Thomas "
"Wood, Dale"
"Workley, Dennis"
"Worsley, Larry"
"Wright, Courtney"
"Yost, Raymond "
"Young, Alex          "
"Young, Latarsha"
"Young, Thomas"
"Yourkovik, Kurt "
"Zambrana, Darwin"
"Rivera, Victor"
"Wissman, James"
























































































































































































